{"pressure": [18.071133, 1015.7008], "clouds": [0.0, 19.546358], "vapor": [0.0, 29.446358], "horiz_wind": [0.0, 319.454784], "vert_wind": [-49.53098, 69.79706], "potential_temp": [15.2632, 387.58737], "turb_kin_energy": [0.01, 219.75684]}