{"pressure": [18.05233900603543, 1013.125916428428], "wind": [0.002656535478308797, 224.14617919921875]}