{"pressure": [18.05233900603543, 1013.125916428428], "clouds": [0.0, 17.55542480676743], "vapor": [0.0, 27.647268027067184], "horiz_wind": [0.0, 299.461739141], "vert_wind": [-40.580204086047154, 76.65791786991751]}