{"pressure": [18.05233900603543, 1013.125916428428], "clouds": [0.0, 17.55542480676743], "vapor": [0.0, 27.647268027067184], "horiz_wind": [0.0, 299.461739141], "vert_wind": [-40.580204086047154, 76.65791786991751], "potential_temp": [14.7671447754, 387.440539796], "turb_kin_energy": [0.009999999999999998, 187.1823957504267]}

