{"pressure": [18.078085, 1015.41805], "clouds": [0.0, 17.969329], "vapor": [0.0, 29.467942], "horiz_wind": [0.0, 305.262378], "vert_wind": [-44.83745, 68.76978], "potential_temp": [15.2636, 387.4189], "turb_kin_energy": [0.01, 178.3293]}


